{
    "case": "21_kessler_syndrome",
    "metrics": {
        "edi": 0.26860229857517987,
        "p_value": 0.0,
        "rmse_full": 0.0010884396015376637,
        "rmse_reduced": 0.001488163825805438
    },
    "status": "REJECTED"
}