{
  "case": "01_caso_clima",
  "grid_size": 400,
  "n_runs": 200,
  "mean": 3.659093636088073e-05,
  "std": 9.103957563638687e-05,
  "gpu_time": 102.57096576690674,
  "closure_metric_global_entropy": 6.787117004394531,
  "closure_metric_max_local_entropy": 6.805465221405029
}