{
  "case": "01_caso_clima",
  "grid_size": 470,
  "n_runs": 200,
  "mean": 4.441365672391839e-05,
  "std": 8.260852337116376e-05,
  "gpu_time": 141.32055234909058,
  "closure_metric_global_entropy": 6.787208080291748,
  "closure_metric_max_local_entropy": 6.8033976554870605
}