{
  "case": "02_caso_conciencia",
  "grid_size": 470,
  "n_runs": 200,
  "mean": 3.9623366319574416e-05,
  "std": 7.622662087669596e-05,
  "gpu_time": 141.32055234909058,
  "closure_metric_global_entropy": 6.787181854248047,
  "closure_metric_max_local_entropy": 6.804061412811279
}