{
  "case": "02_caso_conciencia",
  "grid_size": 400,
  "n_runs": 200,
  "mean": 4.342770262155682e-05,
  "std": 9.396382665727288e-05,
  "gpu_time": 102.57096576690674,
  "closure_metric_global_entropy": 6.787195205688477,
  "closure_metric_max_local_entropy": 6.80355978012085
}