{
  "case": "03_caso_contaminacion",
  "grid_size": 400,
  "n_runs": 200,
  "mean": 4.0646453271619976e-05,
  "std": 9.326277358923107e-05,
  "gpu_time": 102.57096576690674,
  "closure_metric_global_entropy": 6.7871904373168945,
  "closure_metric_max_local_entropy": 6.805814266204834
}