{
  "case": "03_caso_contaminacion",
  "grid_size": 470,
  "n_runs": 200,
  "mean": 4.7566762077622116e-05,
  "std": 6.998816388659179e-05,
  "gpu_time": 141.32055234909058,
  "closure_metric_global_entropy": 6.787224769592285,
  "closure_metric_max_local_entropy": 6.804838180541992
}