{
  "case": "04_caso_energia",
  "grid_size": 400,
  "n_runs": 200,
  "mean": 4.435215669218451e-05,
  "std": 9.579394827596843e-05,
  "gpu_time": 102.57096576690674,
  "closure_metric_global_entropy": 6.787240028381348,
  "closure_metric_max_local_entropy": 6.803727626800537
}