{
  "case": "04_caso_energia",
  "grid_size": 470,
  "n_runs": 200,
  "mean": 4.0477243601344526e-05,
  "std": 7.689304038649425e-05,
  "gpu_time": 141.32055234909058,
  "closure_metric_global_entropy": 6.787306308746338,
  "closure_metric_max_local_entropy": 6.80435848236084
}