{
  "case": "05_caso_epidemiologia",
  "grid_size": 400,
  "n_runs": 200,
  "mean": 4.1169507312588394e-05,
  "std": 8.255607826868072e-05,
  "gpu_time": 102.57096576690674,
  "closure_metric_global_entropy": 6.787263870239258,
  "closure_metric_max_local_entropy": 6.804592132568359
}