{
  "case": "05_caso_epidemiologia",
  "grid_size": 470,
  "n_runs": 200,
  "mean": 4.665581218432635e-05,
  "std": 8.093677024589851e-05,
  "gpu_time": 141.32055234909058,
  "closure_metric_global_entropy": 6.787228584289551,
  "closure_metric_max_local_entropy": 6.80552864074707
}