{
  "case": "06_caso_estetica",
  "grid_size": 400,
  "n_runs": 200,
  "mean": 2.6936102585750632e-05,
  "std": 8.961894491221756e-05,
  "gpu_time": 102.57096576690674,
  "closure_metric_global_entropy": 6.7872819900512695,
  "closure_metric_max_local_entropy": 6.803496837615967
}