{
  "case": "06_caso_estetica",
  "grid_size": 470,
  "n_runs": 200,
  "mean": 3.3991098462138325e-05,
  "std": 8.674564014654607e-05,
  "gpu_time": 141.32055234909058,
  "closure_metric_global_entropy": 6.787196159362793,
  "closure_metric_max_local_entropy": 6.803974151611328
}