{
  "case": "07_caso_falsacion_exogeneidad",
  "grid_size": 400,
  "n_runs": 200,
  "mean": 3.2228643249254674e-05,
  "std": 9.709008008940145e-05,
  "gpu_time": 102.57096576690674,
  "closure_metric_global_entropy": 6.787176609039307,
  "closure_metric_max_local_entropy": 6.804339408874512
}