{
  "case": "07_caso_falsacion_exogeneidad",
  "grid_size": 470,
  "n_runs": 200,
  "mean": 3.8026053516659886e-05,
  "std": 7.819728489266708e-05,
  "gpu_time": 141.32055234909058,
  "closure_metric_global_entropy": 6.787222862243652,
  "closure_metric_max_local_entropy": 6.8084001541137695
}