{
  "case": "08_caso_falsacion_no_estacionariedad",
  "grid_size": 470,
  "n_runs": 200,
  "mean": 4.205828008707613e-05,
  "std": 7.479018677258864e-05,
  "gpu_time": 141.32055234909058,
  "closure_metric_global_entropy": 6.787215232849121,
  "closure_metric_max_local_entropy": 6.8038434982299805
}