{
  "case": "08_caso_falsacion_no_estacionariedad",
  "grid_size": 400,
  "n_runs": 200,
  "mean": 3.6158322473056614e-05,
  "std": 9.218542254529893e-05,
  "gpu_time": 102.57096576690674,
  "closure_metric_global_entropy": 6.787219524383545,
  "closure_metric_max_local_entropy": 6.805797100067139
}