{
  "case": "09_caso_falsacion_observabilidad",
  "grid_size": 400,
  "n_runs": 200,
  "mean": 4.336823258199729e-05,
  "std": 9.146378579316661e-05,
  "gpu_time": 102.57096576690674,
  "closure_metric_global_entropy": 6.787309169769287,
  "closure_metric_max_local_entropy": 6.806353569030762
}