{
  "case": "09_caso_falsacion_observabilidad",
  "grid_size": 470,
  "n_runs": 200,
  "mean": 4.80683047499042e-05,
  "std": 8.87917703948915e-05,
  "gpu_time": 141.32055234909058,
  "closure_metric_global_entropy": 6.787168979644775,
  "closure_metric_max_local_entropy": 6.804408073425293
}