{
  "case": "10_caso_finanzas",
  "grid_size": 470,
  "n_runs": 200,
  "mean": 3.8156536902533844e-05,
  "std": 7.319464202737436e-05,
  "gpu_time": 141.32055234909058,
  "closure_metric_global_entropy": 6.787256717681885,
  "closure_metric_max_local_entropy": 6.8037285804748535
}