{
  "case": "10_caso_finanzas",
  "grid_size": 400,
  "n_runs": 200,
  "mean": 4.141776662436314e-05,
  "std": 8.521008567186072e-05,
  "gpu_time": 102.57096576690674,
  "closure_metric_global_entropy": 6.787248611450195,
  "closure_metric_max_local_entropy": 6.803304672241211
}