{
  "case": "11_caso_justicia",
  "grid_size": 400,
  "n_runs": 200,
  "mean": 4.481638461584225e-05,
  "std": 9.192118159262463e-05,
  "gpu_time": 102.57096576690674,
  "closure_metric_global_entropy": 6.787257671356201,
  "closure_metric_max_local_entropy": 6.803412914276123
}