{
  "case": "11_caso_justicia",
  "grid_size": 470,
  "n_runs": 200,
  "mean": 4.4515003537526354e-05,
  "std": 7.880258635850623e-05,
  "gpu_time": 141.32055234909058,
  "closure_metric_global_entropy": 6.7872138023376465,
  "closure_metric_max_local_entropy": 6.806146144866943
}