{
  "case": "12_caso_moderacion_adversarial",
  "grid_size": 400,
  "n_runs": 200,
  "mean": 3.835111783700995e-05,
  "std": 9.169043914880604e-05,
  "gpu_time": 102.57096576690674,
  "closure_metric_global_entropy": 6.787136077880859,
  "closure_metric_max_local_entropy": 6.804072856903076
}