{
  "case": "12_caso_moderacion_adversarial",
  "grid_size": 470,
  "n_runs": 200,
  "mean": 3.4399054129607975e-05,
  "std": 7.410460239043459e-05,
  "gpu_time": 141.32055234909058,
  "closure_metric_global_entropy": 6.787224769592285,
  "closure_metric_max_local_entropy": 6.8038482666015625
}