{
  "case": "13_caso_movilidad",
  "grid_size": 470,
  "n_runs": 200,
  "mean": 4.194370558252558e-05,
  "std": 7.742700108792633e-05,
  "gpu_time": 141.32055234909058,
  "closure_metric_global_entropy": 6.787265300750732,
  "closure_metric_max_local_entropy": 6.803573131561279
}