{
  "case": "13_caso_movilidad",
  "grid_size": 400,
  "n_runs": 200,
  "mean": 3.836544419755228e-05,
  "std": 9.317357034888119e-05,
  "gpu_time": 102.57096576690674,
  "closure_metric_global_entropy": 6.787204742431641,
  "closure_metric_max_local_entropy": 6.803661346435547
}