{
  "case": "14_caso_paradigmas",
  "grid_size": 470,
  "n_runs": 200,
  "mean": 4.447412720764987e-05,
  "std": 7.946698315208778e-05,
  "gpu_time": 141.32055234909058,
  "closure_metric_global_entropy": 6.78721809387207,
  "closure_metric_max_local_entropy": 6.80582332611084
}