{
  "case": "14_caso_paradigmas",
  "grid_size": 400,
  "n_runs": 200,
  "mean": 4.004495349363424e-05,
  "std": 8.143772720359266e-05,
  "gpu_time": 102.57096576690674,
  "closure_metric_global_entropy": 6.7872490882873535,
  "closure_metric_max_local_entropy": 6.8045454025268555
}