{
  "case": "15_caso_politicas_estrategicas",
  "grid_size": 400,
  "n_runs": 200,
  "mean": 4.727025952888653e-05,
  "std": 9.813969518290833e-05,
  "gpu_time": 102.57096576690674,
  "closure_metric_global_entropy": 6.787221908569336,
  "closure_metric_max_local_entropy": 6.804138660430908
}