{
  "case": "15_caso_politicas_estrategicas",
  "grid_size": 470,
  "n_runs": 200,
  "mean": 2.9440059734042734e-05,
  "std": 7.615474896738306e-05,
  "gpu_time": 141.32055234909058,
  "closure_metric_global_entropy": 6.787233829498291,
  "closure_metric_max_local_entropy": 6.803529739379883
}