{
  "case": "16_caso_postverdad",
  "grid_size": 400,
  "n_runs": 200,
  "mean": 4.139079828746617e-05,
  "std": 9.258395584765822e-05,
  "gpu_time": 102.57096576690674,
  "closure_metric_global_entropy": 6.7871623039245605,
  "closure_metric_max_local_entropy": 6.8036909103393555
}