{
  "case": "16_caso_postverdad",
  "grid_size": 470,
  "n_runs": 200,
  "mean": 2.8432619728846475e-05,
  "std": 7.681034185225144e-05,
  "gpu_time": 141.32055234909058,
  "closure_metric_global_entropy": 6.787242889404297,
  "closure_metric_max_local_entropy": 6.806145668029785
}