{
  "case": "17_caso_rtb_publicidad",
  "grid_size": 470,
  "n_runs": 200,
  "mean": 4.444568548933603e-05,
  "std": 8.18068947410211e-05,
  "gpu_time": 141.32055234909058,
  "closure_metric_global_entropy": 6.787275791168213,
  "closure_metric_max_local_entropy": 6.807850360870361
}