{
  "case": "17_caso_rtb_publicidad",
  "grid_size": 400,
  "n_runs": 200,
  "mean": 3.754410136025399e-05,
  "std": 9.969136590370908e-05,
  "gpu_time": 102.57096576690674,
  "closure_metric_global_entropy": 6.78725004196167,
  "closure_metric_max_local_entropy": 6.803676605224609
}