{
  "case": "18_caso_wikipedia",
  "grid_size": 470,
  "n_runs": 200,
  "mean": 3.7782254366902635e-05,
  "std": 7.639360410394147e-05,
  "gpu_time": 141.32055234909058,
  "closure_metric_global_entropy": 6.7872700691223145,
  "closure_metric_max_local_entropy": 6.805666446685791
}