{
  "case": "18_caso_wikipedia",
  "grid_size": 400,
  "n_runs": 200,
  "mean": 3.7453555705724284e-05,
  "std": 9.697450150270015e-05,
  "gpu_time": 102.57096576690674,
  "closure_metric_global_entropy": 6.787197113037109,
  "closure_metric_max_local_entropy": 6.803636074066162
}