{
  "case": "19_caso_deforestacion",
  "grid_size": 400,
  "n_runs": 200,
  "mean": 4.635933873942122e-05,
  "std": 8.953358337748796e-05,
  "gpu_time": 102.57096576690674,
  "closure_metric_global_entropy": 6.787123203277588,
  "closure_metric_max_local_entropy": 6.8042826652526855
}