{
  "case": "19_caso_deforestacion",
  "grid_size": 470,
  "n_runs": 200,
  "mean": 3.3127289498224854e-05,
  "std": 7.203774293884635e-05,
  "gpu_time": 141.32055234909058,
  "closure_metric_global_entropy": 6.787243843078613,
  "closure_metric_max_local_entropy": 6.803431510925293
}