{
  "case": "20_caso_oceanos",
  "grid_size": 470,
  "n_runs": 200,
  "mean": 4.140934470342472e-05,
  "std": 8.130849164444953e-05,
  "gpu_time": 141.32055234909058,
  "closure_metric_global_entropy": 6.787235736846924,
  "closure_metric_max_local_entropy": 6.805875778198242
}