{
  "case": "20_caso_oceanos",
  "grid_size": 400,
  "n_runs": 200,
  "mean": 4.2992043745471165e-05,
  "std": 8.403608808293939e-05,
  "gpu_time": 102.57096576690674,
  "closure_metric_global_entropy": 6.787129878997803,
  "closure_metric_max_local_entropy": 6.804500579833984
}