{
  "case": "21_caso_urbanizacion",
  "grid_size": 400,
  "n_runs": 200,
  "mean": 3.975007712142542e-05,
  "std": 0.0001000081974780187,
  "gpu_time": 102.57096576690674,
  "closure_metric_global_entropy": 6.787209987640381,
  "closure_metric_max_local_entropy": 6.804516792297363
}