{
  "case": "21_caso_urbanizacion",
  "grid_size": 470,
  "n_runs": 200,
  "mean": 3.8284902984742075e-05,
  "std": 7.667973841307685e-05,
  "gpu_time": 141.32055234909058,
  "closure_metric_global_entropy": 6.787154197692871,
  "closure_metric_max_local_entropy": 6.803915500640869
}