{
  "case": "22_caso_acidificacion_oceanica",
  "grid_size": 470,
  "n_runs": 200,
  "mean": 4.016057573608123e-05,
  "std": 8.057076775003225e-05,
  "gpu_time": 141.32055234909058,
  "closure_metric_global_entropy": 6.7872467041015625,
  "closure_metric_max_local_entropy": 6.806530952453613
}