{
  "case": "22_caso_acidificacion_oceanica",
  "grid_size": 400,
  "n_runs": 200,
  "mean": 4.0633083699503914e-05,
  "std": 8.816690387902781e-05,
  "gpu_time": 102.57096576690674,
  "closure_metric_global_entropy": 6.787296772003174,
  "closure_metric_max_local_entropy": 6.804597854614258
}