{
  "case": "23_caso_kessler",
  "grid_size": 470,
  "n_runs": 200,
  "mean": 4.7183100832626224e-05,
  "std": 8.501086995238438e-05,
  "gpu_time": 141.32055234909058,
  "closure_metric_global_entropy": 6.787166595458984,
  "closure_metric_max_local_entropy": 6.805440902709961
}