{
  "case": "23_caso_kessler",
  "grid_size": 400,
  "n_runs": 200,
  "mean": 3.694880797411315e-05,
  "std": 0.00010119190847035497,
  "gpu_time": 102.57096576690674,
  "closure_metric_global_entropy": 6.787313938140869,
  "closure_metric_max_local_entropy": 6.804942607879639
}