{
  "case": "24_caso_salinizacion",
  "grid_size": 400,
  "n_runs": 200,
  "mean": 2.8018066586810164e-05,
  "std": 8.830121078062803e-05,
  "gpu_time": 102.57096576690674,
  "closure_metric_global_entropy": 6.78739595413208,
  "closure_metric_max_local_entropy": 6.804447650909424
}