{
  "case": "24_caso_salinizacion",
  "grid_size": 470,
  "n_runs": 200,
  "mean": 3.838866177829914e-05,
  "std": 8.352591976290569e-05,
  "gpu_time": 141.32055234909058,
  "closure_metric_global_entropy": 6.787235260009766,
  "closure_metric_max_local_entropy": 6.8047990798950195
}