{
  "case": "25_caso_fosforo",
  "grid_size": 470,
  "n_runs": 200,
  "mean": 3.522815677570179e-05,
  "std": 8.231181709561497e-05,
  "gpu_time": 141.32055234909058,
  "closure_metric_global_entropy": 6.787295341491699,
  "closure_metric_max_local_entropy": 6.805345058441162
}