{
  "case": "25_caso_fosforo",
  "grid_size": 400,
  "n_runs": 200,
  "mean": 3.1068178941495717e-05,
  "std": 0.00010689320333767682,
  "gpu_time": 102.57096576690674,
  "closure_metric_global_entropy": 6.787192344665527,
  "closure_metric_max_local_entropy": 6.8034539222717285
}