{
  "case": "26_caso_erosion_dialectica",
  "grid_size": 400,
  "n_runs": 200,
  "mean": 3.065810597036034e-05,
  "std": 8.780061762081459e-05,
  "gpu_time": 102.57096576690674,
  "closure_metric_global_entropy": 6.787158012390137,
  "closure_metric_max_local_entropy": 6.804139614105225
}