{
  "case": "26_caso_erosion_dialectica",
  "grid_size": 470,
  "n_runs": 200,
  "mean": 4.413091664901003e-05,
  "std": 7.270475180121139e-05,
  "gpu_time": 141.32055234909058,
  "closure_metric_global_entropy": 6.787196636199951,
  "closure_metric_max_local_entropy": 6.803863048553467
}