{
  "case": "27_caso_microplasticos",
  "grid_size": 470,
  "n_runs": 200,
  "mean": 4.810308018932119e-05,
  "std": 7.817546429578215e-05,
  "gpu_time": 141.32055234909058,
  "closure_metric_global_entropy": 6.787205219268799,
  "closure_metric_max_local_entropy": 6.80544376373291
}