{
  "case": "27_caso_microplasticos",
  "grid_size": 400,
  "n_runs": 200,
  "mean": 4.672681097872555e-05,
  "std": 8.752562280278653e-05,
  "gpu_time": 102.57096576690674,
  "closure_metric_global_entropy": 6.787248611450195,
  "closure_metric_max_local_entropy": 6.805088520050049
}