{
  "case": "28_caso_acuiferos",
  "grid_size": 400,
  "n_runs": 200,
  "mean": 3.075881249969825e-05,
  "std": 9.617733303457499e-05,
  "gpu_time": 102.57096576690674,
  "closure_metric_global_entropy": 6.78713846206665,
  "closure_metric_max_local_entropy": 6.802671432495117
}