{
  "case": "28_caso_acuiferos",
  "grid_size": 470,
  "n_runs": 200,
  "mean": 4.5225526264403015e-05,
  "std": 7.49765895307064e-05,
  "gpu_time": 141.32055234909058,
  "closure_metric_global_entropy": 6.787192344665527,
  "closure_metric_max_local_entropy": 6.805224418640137
}