{
  "case": "29_caso_starlink",
  "grid_size": 470,
  "n_runs": 200,
  "mean": 3.538779492373578e-05,
  "std": 8.376609184779227e-05,
  "gpu_time": 141.32055234909058,
  "closure_metric_global_entropy": 6.7872395515441895,
  "closure_metric_max_local_entropy": 6.805990219116211
}