{
  "case": "29_caso_starlink",
  "grid_size": 400,
  "n_runs": 200,
  "mean": 3.518257653922774e-05,
  "std": 9.128783858614042e-05,
  "gpu_time": 102.57096576690674,
  "closure_metric_global_entropy": 6.78709077835083,
  "closure_metric_max_local_entropy": 6.804973602294922
}