{
  "case": "30_caso_riesgo_biologico",
  "grid_size": 400,
  "n_runs": 200,
  "mean": 4.072466254001483e-05,
  "std": 8.762342622503638e-05,
  "gpu_time": 102.57096576690674,
  "closure_metric_global_entropy": 6.787296772003174,
  "closure_metric_max_local_entropy": 6.805322647094727
}