{
  "case": "30_caso_riesgo_biologico",
  "grid_size": 470,
  "n_runs": 200,
  "mean": 4.702257865574211e-05,
  "std": 8.494461508234963e-05,
  "gpu_time": 141.32055234909058,
  "closure_metric_global_entropy": 6.787210941314697,
  "closure_metric_max_local_entropy": 6.805212497711182
}