{
  "case": "31_caso_fuga_cerebros",
  "grid_size": 470,
  "n_runs": 200,
  "mean": 4.578891093842685e-05,
  "std": 8.02236027084291e-05,
  "gpu_time": 141.32055234909058,
  "closure_metric_global_entropy": 6.787229061126709,
  "closure_metric_max_local_entropy": 6.804882049560547
}