{
  "case": "31_caso_fuga_cerebros",
  "grid_size": 400,
  "n_runs": 200,
  "mean": 3.154296427965164e-05,
  "std": 8.688271191203967e-05,
  "gpu_time": 102.57096576690674,
  "closure_metric_global_entropy": 6.787136077880859,
  "closure_metric_max_local_entropy": 6.8052239418029785
}