{
  "case": "32_caso_iot",
  "grid_size": 470,
  "n_runs": 200,
  "mean": 4.314175748731941e-05,
  "std": 8.499289833707735e-05,
  "gpu_time": 141.32055234909058,
  "closure_metric_global_entropy": 6.7871994972229,
  "closure_metric_max_local_entropy": 6.803516864776611
}