{
  "case": "32_caso_iot",
  "grid_size": 400,
  "n_runs": 200,
  "mean": 4.7994508349802345e-05,
  "std": 8.816755871521309e-05,
  "gpu_time": 102.57096576690674,
  "closure_metric_global_entropy": 6.7872467041015625,
  "closure_metric_max_local_entropy": 6.8041510581970215
}