{
  "generated_at": "2026-02-08T14:14:31.949951",
  "n_samples": 500,
  "mean": 0.221265558259849,
  "std": 0.06937011497372503,
  "percentile_95": 0.32314414308398776,
  "percentile_99": 0.3317555006477826,
  "max": 0.33302128075704795,
  "pvalue_030": 0.16000000000000003,
  "recommended_threshold": 0.32314414308398776,
  "justification": "EDI > recommended_threshold tiene p < 0.05 bajo H0"
}