{
  "generated_at": "2026-02-08T15:58:26.088555",
  "n_samples": 500,
  "mean": 0.2300500745639959,
  "std": 0.06864463603621461,
  "percentile_95": 0.32479766191468623,
  "percentile_99": 0.3307711278211246,
  "max": 0.33290809983547154,
  "pvalue_030": 0.18999999999999995,
  "recommended_threshold": 0.32479766191468623,
  "justification": "EDI > recommended_threshold tiene p < 0.05 bajo H0"
}