{
  "generated_at": "2026-02-08T15:58:38.515498",
  "results": [
    {
      "case": "clima",
      "rmse_full": 0.0,
      "rmse_no_mc": 9.673069143900648e-05,
      "rmse_no_fs": 316.6777648925781,
      "rmse_no_both": 316.67779541015625,
      "ablation_mc_only": 3.0545461982001143e-07,
      "ablation_fs_only": 0.9999998807907104,
      "mc_contribution": 9673.0693359375,
      "fs_contribution": 31667777536.0
    },
    {
      "case": "finanzas",
      "rmse_full": 0.0,
      "rmse_no_mc": 0.006554449442774057,
      "rmse_no_fs": 6167.0244140625,
      "rmse_no_both": 6167.0244140625,
      "ablation_mc_only": 1.062821979758155e-06,
      "ablation_fs_only": 1.0,
      "mc_contribution": 655444.9375,
      "fs_contribution": 616702476288.0
    },
    {
      "case": "energia",
      "rmse_full": 0.0,
      "rmse_no_mc": 0.0005988780758343637,
      "rmse_no_fs": 1238.0679931640625,
      "rmse_no_both": 1238.0679931640625,
      "ablation_mc_only": 4.837198730456294e-07,
      "ablation_fs_only": 1.0,
      "mc_contribution": 59887.80859375,
      "fs_contribution": 123806801920.0
    },
    {
      "case": "control_ruido",
      "rmse_full": 0.0,
      "rmse_no_mc": 0.0,
      "rmse_no_fs": 0.0,
      "rmse_no_both": 0.0,
      "ablation_mc_only": 0.0,
      "ablation_fs_only": 0.0,
      "mc_contribution": 0.0,
      "fs_contribution": 0.0
    }
  ]
}