{
  "case": "01_caso_clima",
  "grid_size": 470,
  "n_runs": 200,
  "mean": 7.361605639744084e-06,
  "std": 8.067648013820872e-05,
  "gpu_time": 421.70384526252747,
  "closure_metric_global_entropy": 2.3905856609344482,
  "closure_metric_max_local_entropy": 2.397047996520996
}