{
  "case": "01_caso_clima",
  "mean": -7.329537652367435e-07,
  "std": 0.00028367602499201894,
  "gpu_time": 4.300652980804443
}