{
  "case": "01_caso_clima",
  "grid_size": 300,
  "n_runs": 200,
  "mean": 4.411052941577509e-05,
  "std": 0.00011251577961957082,
  "gpu_time": 58.141127586364746,
  "closure_metric_global_entropy": 6.787196636199951,
  "closure_metric_max_local_entropy": 6.8032732009887695
}