{
  "case": "01_caso_clima",
  "grid_size": 120,
  "n_runs": 100,
  "gpu_time_total": 4.416669130325317,
  "final_mean": 12.371679306030273,
  "final_std": 0.00028358912095427513
}