{
  "case": "02_caso_conciencia",
  "grid_size": 470,
  "n_runs": 200,
  "mean": 6.1416531025315635e-06,
  "std": 7.764592010062188e-05,
  "gpu_time": 421.70384526252747,
  "closure_metric_global_entropy": 2.390627861022949,
  "closure_metric_max_local_entropy": 2.396287679672241
}