{
  "case": "02_caso_conciencia",
  "mean": 3.518073935993016e-05,
  "std": 0.00030315358890220523,
  "gpu_time": 4.300652980804443
}