{
  "case": "02_caso_conciencia",
  "grid_size": 120,
  "n_runs": 100,
  "gpu_time_total": 4.416669130325317,
  "final_mean": 12.37170124053955,
  "final_std": 0.00029418853227980435
}