{
  "case": "02_caso_conciencia",
  "grid_size": 300,
  "n_runs": 200,
  "mean": 2.5686269509606063e-05,
  "std": 0.00011136593093397096,
  "gpu_time": 58.141127586364746,
  "closure_metric_global_entropy": 6.787154197692871,
  "closure_metric_max_local_entropy": 6.803530216217041
}