{
  "case": "03_caso_contaminacion",
  "grid_size": 120,
  "n_runs": 100,
  "gpu_time_total": 4.416669130325317,
  "final_mean": 12.371687889099121,
  "final_std": 0.0003040097944904119
}