{
  "case": "03_caso_contaminacion",
  "mean": 4.013390207546763e-05,
  "std": 0.00030658996547572315,
  "gpu_time": 4.300652980804443
}