{
  "case": "03_caso_contaminacion",
  "grid_size": 470,
  "n_runs": 200,
  "mean": -1.3516977332983515e-06,
  "std": 8.033709309529513e-05,
  "gpu_time": 421.70384526252747,
  "closure_metric_global_entropy": 2.3906147480010986,
  "closure_metric_max_local_entropy": 2.3963370323181152
}