{
  "case": "03_caso_contaminacion",
  "grid_size": 300,
  "n_runs": 200,
  "mean": 2.4142251277226023e-05,
  "std": 0.00012498667638283223,
  "gpu_time": 58.141127586364746,
  "closure_metric_global_entropy": 6.787297248840332,
  "closure_metric_max_local_entropy": 6.806717395782471
}