{
  "case": "04_caso_energia",
  "grid_size": 120,
  "n_runs": 100,
  "gpu_time_total": 4.416669130325317,
  "final_mean": 12.371709823608398,
  "final_std": 0.00028837539139203727
}