{
  "case": "04_caso_energia",
  "grid_size": 470,
  "n_runs": 200,
  "mean": 2.5739502689248184e-06,
  "std": 7.733851816738024e-05,
  "gpu_time": 421.70384526252747,
  "closure_metric_global_entropy": 2.390655040740967,
  "closure_metric_max_local_entropy": 2.396282434463501
}