{
  "case": "04_caso_energia",
  "grid_size": 300,
  "n_runs": 200,
  "mean": 4.336365600465797e-05,
  "std": 0.00012088173389201984,
  "gpu_time": 58.141127586364746,
  "closure_metric_global_entropy": 6.787160396575928,
  "closure_metric_max_local_entropy": 6.803112983703613
}