{
  "case": "04_caso_energia",
  "mean": 3.1514844067714876e-06,
  "std": 0.0003142667992506176,
  "gpu_time": 4.300652980804443
}