{
  "case": "05_caso_epidemiologia",
  "grid_size": 120,
  "n_runs": 100,
  "gpu_time_total": 4.416669130325317,
  "final_mean": 12.371661186218262,
  "final_std": 0.0002897377125918865
}