{
  "case": "05_caso_epidemiologia",
  "mean": 3.2246531191049144e-05,
  "std": 0.0003430784563533962,
  "gpu_time": 4.300652980804443
}