{
  "case": "05_caso_epidemiologia",
  "grid_size": 300,
  "n_runs": 200,
  "mean": 3.9856586226960644e-05,
  "std": 0.00012519813026301563,
  "gpu_time": 58.141127586364746,
  "closure_metric_global_entropy": 6.787094593048096,
  "closure_metric_max_local_entropy": 6.804367542266846
}