{
  "case": "05_caso_epidemiologia",
  "grid_size": 470,
  "n_runs": 200,
  "mean": -5.690845227945829e-06,
  "std": 7.733168604318053e-05,
  "gpu_time": 421.70384526252747,
  "closure_metric_global_entropy": 2.390599250793457,
  "closure_metric_max_local_entropy": 2.396195411682129
}