{
  "case": "06_caso_falsacion_exogeneidad",
  "grid_size": 470,
  "n_runs": 200,
  "mean": 8.06361003924394e-06,
  "std": 7.387572259176522e-05,
  "gpu_time": 421.70384526252747,
  "closure_metric_global_entropy": 2.3906326293945312,
  "closure_metric_max_local_entropy": 2.3964760303497314
}