{
  "case": "06_caso_estetica",
  "grid_size": 300,
  "n_runs": 200,
  "mean": 4.092856397619471e-05,
  "std": 0.00012872005754616112,
  "gpu_time": 58.141127586364746,
  "closure_metric_global_entropy": 6.787209510803223,
  "closure_metric_max_local_entropy": 6.805323600769043
}