{
  "case": "06_caso_estetica",
  "mean": 3.7946610973449424e-05,
  "std": 0.0003118118620477617,
  "gpu_time": 4.300652980804443
}