{
  "case": "06_caso_estetica",
  "grid_size": 120,
  "n_runs": 100,
  "gpu_time_total": 4.416669130325317,
  "final_mean": 12.371718406677246,
  "final_std": 0.00031425183988176286
}