{
  "case": "07_caso_falsacion_exogeneidad",
  "grid_size": 120,
  "n_runs": 100,
  "gpu_time_total": 4.416669130325317,
  "final_mean": 12.371651649475098,
  "final_std": 0.0003150012926198542
}