{
  "case": "07_caso_falsacion_exogeneidad",
  "grid_size": 300,
  "n_runs": 200,
  "mean": 4.468983388505876e-05,
  "std": 0.00011881261161761358,
  "gpu_time": 58.141127586364746,
  "closure_metric_global_entropy": 6.787335395812988,
  "closure_metric_max_local_entropy": 6.803785800933838
}