{
  "case": "07_caso_falsacion_exogeneidad",
  "mean": 2.9513237677747384e-05,
  "std": 0.0003136194427497685,
  "gpu_time": 4.300652980804443
}