{
  "case": "07_caso_falsacion_no_estacionariedad",
  "grid_size": 470,
  "n_runs": 200,
  "mean": -1.4861718682368519e-06,
  "std": 8.098986290860921e-05,
  "gpu_time": 421.70384526252747,
  "closure_metric_global_entropy": 2.3906140327453613,
  "closure_metric_max_local_entropy": 2.3970329761505127
}