{
  "case": "08_caso_falsacion_no_estacionariedad",
  "grid_size": 300,
  "n_runs": 200,
  "mean": 3.870237196679227e-05,
  "std": 0.00012373554636724293,
  "gpu_time": 58.141127586364746,
  "closure_metric_global_entropy": 6.787351608276367,
  "closure_metric_max_local_entropy": 6.802974700927734
}