{
  "case": "08_caso_falsacion_observabilidad",
  "grid_size": 470,
  "n_runs": 200,
  "mean": -6.662923624389805e-06,
  "std": 7.980029477039352e-05,
  "gpu_time": 421.70384526252747,
  "closure_metric_global_entropy": 2.390622854232788,
  "closure_metric_max_local_entropy": 2.39676570892334
}