{
  "case": "08_caso_falsacion_no_estacionariedad",
  "grid_size": 120,
  "n_runs": 100,
  "gpu_time_total": 4.416669130325317,
  "final_mean": 12.37167739868164,
  "final_std": 0.0003175078018102795
}