{
  "case": "08_caso_falsacion_no_estacionariedad",
  "mean": 4.4259504647925496e-05,
  "std": 0.00028139539062976837,
  "gpu_time": 4.300652980804443
}