{
  "case": "09_caso_falsacion_observabilidad",
  "grid_size": 120,
  "n_runs": 100,
  "gpu_time_total": 4.416669130325317,
  "final_mean": 12.371685028076172,
  "final_std": 0.0002882358676288277
}