{
  "case": "09_caso_finanzas",
  "grid_size": 470,
  "n_runs": 200,
  "mean": 1.940537458722247e-06,
  "std": 7.788333459757268e-05,
  "gpu_time": 421.70384526252747,
  "closure_metric_global_entropy": 2.390632390975952,
  "closure_metric_max_local_entropy": 2.396289110183716
}