{
  "case": "09_caso_falsacion_observabilidad",
  "grid_size": 300,
  "n_runs": 200,
  "mean": 4.734984031529166e-05,
  "std": 0.00012330674508120865,
  "gpu_time": 58.141127586364746,
  "closure_metric_global_entropy": 6.787324905395508,
  "closure_metric_max_local_entropy": 6.803928852081299
}