{
  "case": "09_caso_falsacion_observabilidad",
  "mean": 8.028137381188571e-05,
  "std": 0.0002967198670376092,
  "gpu_time": 4.300652980804443
}