{
  "case": "10_caso_finanzas",
  "grid_size": 300,
  "n_runs": 200,
  "mean": 4.9711419706000015e-05,
  "std": 0.00012980744941160083,
  "gpu_time": 58.141127586364746,
  "closure_metric_global_entropy": 6.787168025970459,
  "closure_metric_max_local_entropy": 6.802697658538818
}