{
  "case": "10_caso_finanzas",
  "mean": 7.193923374870792e-05,
  "std": 0.00030083750607445836,
  "gpu_time": 4.300652980804443
}