{
  "case": "10_caso_justicia",
  "grid_size": 470,
  "n_runs": 200,
  "mean": 3.171904154442018e-06,
  "std": 7.834930147510022e-05,
  "gpu_time": 421.70384526252747,
  "closure_metric_global_entropy": 2.3906235694885254,
  "closure_metric_max_local_entropy": 2.396247148513794
}