{
  "case": "10_caso_finanzas",
  "grid_size": 120,
  "n_runs": 100,
  "gpu_time_total": 4.416669130325317,
  "final_mean": 12.371716499328613,
  "final_std": 0.00029577367240563035
}