{
  "case": "11_caso_justicia",
  "grid_size": 120,
  "n_runs": 100,
  "gpu_time_total": 4.416669130325317,
  "final_mean": 12.371735572814941,
  "final_std": 0.0002790587896015495
}