{
  "case": "11_caso_movilidad",
  "grid_size": 470,
  "n_runs": 200,
  "mean": -6.996252523094881e-06,
  "std": 8.430858724750578e-05,
  "gpu_time": 421.70384526252747,
  "closure_metric_global_entropy": 2.3906240463256836,
  "closure_metric_max_local_entropy": 2.3963029384613037
}