{
  "case": "11_caso_justicia",
  "grid_size": 300,
  "n_runs": 200,
  "mean": 3.2577641832176596e-05,
  "std": 0.00011472736514406279,
  "gpu_time": 58.141127586364746,
  "closure_metric_global_entropy": 6.787266731262207,
  "closure_metric_max_local_entropy": 6.8042449951171875
}