{
  "case": "11_caso_justicia",
  "mean": -1.0737316188169643e-05,
  "std": 0.00032070395536720753,
  "gpu_time": 4.300652980804443
}