{
  "case": "12_caso_paradigmas",
  "grid_size": 470,
  "n_runs": 200,
  "mean": -4.737770268548047e-06,
  "std": 8.580209396313876e-05,
  "gpu_time": 421.70384526252747,
  "closure_metric_global_entropy": 2.390612840652466,
  "closure_metric_max_local_entropy": 2.396395206451416
}