{
  "case": "12_caso_moderacion_adversarial",
  "grid_size": 300,
  "n_runs": 200,
  "mean": 4.305928814574145e-05,
  "std": 0.00012370935291983187,
  "gpu_time": 58.141127586364746,
  "closure_metric_global_entropy": 6.787227630615234,
  "closure_metric_max_local_entropy": 6.804040908813477
}