{
  "case": "12_caso_moderacion_adversarial",
  "mean": 5.209232767811045e-06,
  "std": 0.00033538989373482764,
  "gpu_time": 4.300652980804443
}