{
  "case": "12_caso_moderacion_adversarial",
  "grid_size": 120,
  "n_runs": 100,
  "gpu_time_total": 4.416669130325317,
  "final_mean": 12.371683120727539,
  "final_std": 0.00027855433290824294
}