{
  "case": "13_caso_movilidad",
  "grid_size": 120,
  "n_runs": 100,
  "gpu_time_total": 4.416669130325317,
  "final_mean": 12.371711730957031,
  "final_std": 0.0003147311508655548
}