{
  "case": "13_caso_politicas_estrategicas",
  "grid_size": 470,
  "n_runs": 200,
  "mean": 2.02826799977629e-06,
  "std": 7.68353056628257e-05,
  "gpu_time": 421.70384526252747,
  "closure_metric_global_entropy": 2.39062237739563,
  "closure_metric_max_local_entropy": 2.39628005027771
}