{
  "case": "13_caso_movilidad",
  "grid_size": 300,
  "n_runs": 200,
  "mean": 4.9205118557438254e-05,
  "std": 0.0001240400888491422,
  "gpu_time": 58.141127586364746,
  "closure_metric_global_entropy": 6.78718900680542,
  "closure_metric_max_local_entropy": 6.804025650024414
}