{
  "case": "13_caso_movilidad",
  "mean": 9.185984526993707e-05,
  "std": 0.00034167643752880394,
  "gpu_time": 4.300652980804443
}