{
  "case": "14_caso_paradigmas",
  "grid_size": 300,
  "n_runs": 200,
  "mean": 2.6893327230936848e-05,
  "std": 0.00012604991206899285,
  "gpu_time": 58.141127586364746,
  "closure_metric_global_entropy": 6.787234783172607,
  "closure_metric_max_local_entropy": 6.804164409637451
}