{
  "case": "14_caso_paradigmas",
  "mean": 2.5723188912252226e-08,
  "std": 0.00031435961136594415,
  "gpu_time": 4.300652980804443
}