{
  "case": "14_caso_paradigmas",
  "grid_size": 120,
  "n_runs": 100,
  "gpu_time_total": 4.416669130325317,
  "final_mean": 12.371712684631348,
  "final_std": 0.0002711911511141807
}