{
  "case": "14_caso_postverdad",
  "grid_size": 470,
  "n_runs": 200,
  "mean": 6.946399935259251e-06,
  "std": 7.69756588852033e-05,
  "gpu_time": 421.70384526252747,
  "closure_metric_global_entropy": 2.3906619548797607,
  "closure_metric_max_local_entropy": 2.3963067531585693
}