{
  "case": "15_caso_politicas_estrategicas",
  "grid_size": 120,
  "n_runs": 100,
  "gpu_time_total": 4.416669130325317,
  "final_mean": 12.371683120727539,
  "final_std": 0.00029307231307029724
}