{
  "case": "15_caso_politicas_estrategicas",
  "mean": 1.5209392586257309e-05,
  "std": 0.0002913990174420178,
  "gpu_time": 4.300652980804443
}