{
  "case": "15_caso_politicas_estrategicas",
  "grid_size": 300,
  "n_runs": 200,
  "mean": 3.8176611269591376e-05,
  "std": 0.00011301755876047537,
  "gpu_time": 58.141127586364746,
  "closure_metric_global_entropy": 6.787163734436035,
  "closure_metric_max_local_entropy": 6.802462577819824
}