{
  "case": "15_caso_wikipedia",
  "grid_size": 470,
  "n_runs": 200,
  "mean": 1.414848384229117e-06,
  "std": 7.659300172235817e-05,
  "gpu_time": 421.70384526252747,
  "closure_metric_global_entropy": 2.3905975818634033,
  "closure_metric_max_local_entropy": 2.396190643310547
}