{
  "case": "16_caso_postverdad",
  "grid_size": 120,
  "n_runs": 100,
  "gpu_time_total": 4.416669130325317,
  "final_mean": 12.371670722961426,
  "final_std": 0.00032744425698183477
}