{
  "case": "16_caso_deforestacion",
  "grid_size": 470,
  "n_runs": 200,
  "mean": 2.8189651857246645e-06,
  "std": 7.811015530023724e-05,
  "gpu_time": 421.70384526252747,
  "closure_metric_global_entropy": 2.3906328678131104,
  "closure_metric_max_local_entropy": 2.3960955142974854
}