{
  "case": "16_caso_postverdad",
  "grid_size": 300,
  "n_runs": 200,
  "mean": 5.0166134315077215e-05,
  "std": 0.00012885231990367174,
  "gpu_time": 58.141127586364746,
  "closure_metric_global_entropy": 6.787234783172607,
  "closure_metric_max_local_entropy": 6.804722785949707
}