{
  "case": "16_caso_postverdad",
  "mean": 6.66334162815474e-05,
  "std": 0.00030794681515544653,
  "gpu_time": 4.300652980804443
}