{
  "case": "17_caso_rtb_publicidad",
  "mean": 4.926506881020032e-05,
  "std": 0.0002945367305073887,
  "gpu_time": 4.300652980804443
}