{
  "case": "17_caso_rtb_publicidad",
  "grid_size": 300,
  "n_runs": 200,
  "mean": 3.8580328691750765e-05,
  "std": 0.00012706722191069275,
  "gpu_time": 58.141127586364746,
  "closure_metric_global_entropy": 6.78731107711792,
  "closure_metric_max_local_entropy": 6.803549289703369
}