{
  "case": "17_caso_oceanos",
  "grid_size": 470,
  "n_runs": 200,
  "mean": -4.912816166324774e-06,
  "std": 7.571032620035112e-05,
  "gpu_time": 421.70384526252747,
  "closure_metric_global_entropy": 2.3906190395355225,
  "closure_metric_max_local_entropy": 2.3963382244110107
}