{
  "case": "17_caso_rtb_publicidad",
  "grid_size": 120,
  "n_runs": 100,
  "gpu_time_total": 4.416669130325317,
  "final_mean": 12.37167739868164,
  "final_std": 0.00029039819492027164
}