{
  "case": "18_caso_wikipedia",
  "mean": 4.79083028039895e-05,
  "std": 0.0002773323212750256,
  "gpu_time": 4.300652980804443
}