{
  "case": "18_caso_urbanizacion",
  "grid_size": 470,
  "n_runs": 200,
  "mean": -1.112739255404449e-06,
  "std": 7.707659824518487e-05,
  "gpu_time": 421.70384526252747,
  "closure_metric_global_entropy": 2.390629768371582,
  "closure_metric_max_local_entropy": 2.3959150314331055
}