{
  "case": "18_caso_wikipedia",
  "grid_size": 120,
  "n_runs": 100,
  "gpu_time_total": 4.416669130325317,
  "final_mean": 12.371725082397461,
  "final_std": 0.00030934749520383775
}