{
  "case": "18_caso_wikipedia",
  "grid_size": 300,
  "n_runs": 200,
  "mean": 4.357936268206686e-05,
  "std": 0.0001224183215526864,
  "gpu_time": 58.141127586364746,
  "closure_metric_global_entropy": 6.7872314453125,
  "closure_metric_max_local_entropy": 6.803790092468262
}