{
  "case": "19_caso_acidificacion_oceanica",
  "grid_size": 470,
  "n_runs": 200,
  "mean": 3.0078849704295862e-06,
  "std": 8.152589725796133e-05,
  "gpu_time": 421.70384526252747,
  "closure_metric_global_entropy": 2.3906142711639404,
  "closure_metric_max_local_entropy": 2.3963093757629395
}