{
  "case": "19_caso_deforestacion",
  "mean": 9.796559606911615e-05,
  "std": 0.00034738151589408517,
  "gpu_time": 4.300652980804443
}