{
  "case": "19_caso_deforestacion",
  "grid_size": 300,
  "n_runs": 200,
  "mean": 4.246929529472254e-05,
  "std": 0.00012266486010048538,
  "gpu_time": 58.141127586364746,
  "closure_metric_global_entropy": 6.787268161773682,
  "closure_metric_max_local_entropy": 6.8037004470825195
}