{
  "case": "19_caso_deforestacion",
  "grid_size": 120,
  "n_runs": 100,
  "gpu_time_total": 4.416669130325317,
  "final_mean": 12.371679306030273,
  "final_std": 0.0003463481552898884
}