{
  "case": "20_caso_oceanos",
  "grid_size": 120,
  "n_runs": 100,
  "gpu_time_total": 4.416669130325317,
  "final_mean": 12.371694564819336,
  "final_std": 0.000284743495285511
}