{
  "case": "20_caso_kessler",
  "grid_size": 470,
  "n_runs": 200,
  "mean": -4.893378900305834e-06,
  "std": 7.813770207576454e-05,
  "gpu_time": 421.70384526252747,
  "closure_metric_global_entropy": 2.390641212463379,
  "closure_metric_max_local_entropy": 2.395914077758789
}