{
  "case": "20_caso_oceanos",
  "mean": 1.7705620848573744e-05,
  "std": 0.00030981970485299826,
  "gpu_time": 4.300652980804443
}