{
  "case": "20_caso_oceanos",
  "grid_size": 300,
  "n_runs": 200,
  "mean": 4.070637805853039e-05,
  "std": 0.00012988498201593757,
  "gpu_time": 58.141127586364746,
  "closure_metric_global_entropy": 6.7873029708862305,
  "closure_metric_max_local_entropy": 6.803473472595215
}