{
  "case": "21_caso_urbanizacion",
  "mean": 4.879495099885389e-05,
  "std": 0.00026691314997151494,
  "gpu_time": 4.300652980804443
}