{
  "case": "21_caso_salinizacion",
  "grid_size": 470,
  "n_runs": 200,
  "mean": 2.150456793970079e-06,
  "std": 7.87465542089194e-05,
  "gpu_time": 421.70384526252747,
  "closure_metric_global_entropy": 2.390624761581421,
  "closure_metric_max_local_entropy": 2.3964691162109375
}