{
  "case": "21_caso_urbanizacion",
  "grid_size": 120,
  "n_runs": 100,
  "gpu_time_total": 4.416669130325317,
  "final_mean": 12.371699333190918,
  "final_std": 0.0002788678975775838
}