{
  "case": "21_caso_urbanizacion",
  "grid_size": 300,
  "n_runs": 200,
  "mean": 5.4080992413219064e-05,
  "std": 0.00012433271331246942,
  "gpu_time": 58.141127586364746,
  "closure_metric_global_entropy": 6.7872161865234375,
  "closure_metric_max_local_entropy": 6.805354118347168
}