{
  "case": "22_caso_acidificacion_oceanica",
  "grid_size": 300,
  "n_runs": 200,
  "mean": 4.768251892528497e-05,
  "std": 0.00012642203364521265,
  "gpu_time": 58.141127586364746,
  "closure_metric_global_entropy": 6.787205696105957,
  "closure_metric_max_local_entropy": 6.805490016937256
}