{
  "case": "22_caso_acidificacion_oceanica",
  "mean": 1.2411011994117871e-05,
  "std": 0.00027566251810640097,
  "gpu_time": 4.300652980804443
}