{
  "case": "22_caso_acidificacion_oceanica",
  "grid_size": 120,
  "n_runs": 100,
  "gpu_time_total": 4.416669130325317,
  "final_mean": 12.371685981750488,
  "final_std": 0.00028202467365190387
}