{
  "case": "22_caso_fosforo",
  "grid_size": 470,
  "n_runs": 200,
  "mean": -6.78951164445607e-06,
  "std": 7.284266030183062e-05,
  "gpu_time": 421.70384526252747,
  "closure_metric_global_entropy": 2.3906235694885254,
  "closure_metric_max_local_entropy": 2.3960883617401123
}