{
  "case": "23_caso_kessler",
  "grid_size": 120,
  "n_runs": 100,
  "gpu_time_total": 4.416669130325317,
  "final_mean": 12.371692657470703,
  "final_std": 0.00032381864730268717
}