{
  "case": "23_caso_kessler",
  "grid_size": 300,
  "n_runs": 200,
  "mean": 4.445015292731114e-05,
  "std": 0.00012010413774987683,
  "gpu_time": 58.141127586364746,
  "closure_metric_global_entropy": 6.787087440490723,
  "closure_metric_max_local_entropy": 6.804996490478516
}