{
  "case": "23_caso_kessler",
  "mean": 5.424608025350608e-05,
  "std": 0.0003285206912551075,
  "gpu_time": 4.300652980804443
}