{
  "case": "23_caso_erosion_dialectica",
  "grid_size": 470,
  "n_runs": 200,
  "mean": 3.1659439514442056e-08,
  "std": 7.039026240818202e-05,
  "gpu_time": 421.70384526252747,
  "closure_metric_global_entropy": 2.3906123638153076,
  "closure_metric_max_local_entropy": 2.3963723182678223
}