{
  "case": "24_caso_microplasticos",
  "grid_size": 470,
  "n_runs": 200,
  "mean": 9.823505706663127e-07,
  "std": 7.33203996787779e-05,
  "gpu_time": 421.70384526252747,
  "closure_metric_global_entropy": 2.390604257583618,
  "closure_metric_max_local_entropy": 2.3963756561279297
}