{
  "case": "24_caso_salinizacion",
  "mean": -5.143994712852873e-06,
  "std": 0.00030400592368096113,
  "gpu_time": 4.300652980804443
}