{
  "case": "24_caso_salinizacion",
  "grid_size": 300,
  "n_runs": 200,
  "mean": 3.8307531212922186e-05,
  "std": 0.0001226791791850701,
  "gpu_time": 58.141127586364746,
  "closure_metric_global_entropy": 6.787080764770508,
  "closure_metric_max_local_entropy": 6.802556991577148
}