{
  "case": "24_caso_salinizacion",
  "grid_size": 120,
  "n_runs": 100,
  "gpu_time_total": 4.416669130325317,
  "final_mean": 12.371713638305664,
  "final_std": 0.0003008101775776595
}