{
  "case": "25_caso_fosforo",
  "grid_size": 120,
  "n_runs": 100,
  "gpu_time_total": 4.416669130325317,
  "final_mean": 12.371683120727539,
  "final_std": 0.0002909235772676766
}