{
  "case": "25_caso_fosforo",
  "mean": 9.224350651493296e-05,
  "std": 0.0002975387324113399,
  "gpu_time": 4.300652980804443
}