{
  "case": "25_caso_fosforo",
  "grid_size": 300,
  "n_runs": 200,
  "mean": 4.002127388957888e-05,
  "std": 0.0001250492932740599,
  "gpu_time": 58.141127586364746,
  "closure_metric_global_entropy": 6.787254333496094,
  "closure_metric_max_local_entropy": 6.803280830383301
}