{
  "case": "25_caso_acuiferos",
  "grid_size": 470,
  "n_runs": 200,
  "mean": 5.881485776626505e-06,
  "std": 7.868299871915951e-05,
  "gpu_time": 421.70384526252747,
  "closure_metric_global_entropy": 2.3906285762786865,
  "closure_metric_max_local_entropy": 2.396439552307129
}