{
  "case": "26_caso_erosion_dialectica",
  "mean": 3.329542960273102e-05,
  "std": 0.0002912314666900784,
  "gpu_time": 4.300652980804443
}