{
  "case": "26_caso_erosion_dialectica",
  "grid_size": 120,
  "n_runs": 100,
  "gpu_time_total": 4.416669130325317,
  "final_mean": 12.37169075012207,
  "final_std": 0.0002692971029318869
}