{
  "case": "26_caso_starlink",
  "grid_size": 470,
  "n_runs": 200,
  "mean": -2.436334852973232e-06,
  "std": 7.2974587965291e-05,
  "gpu_time": 421.70384526252747,
  "closure_metric_global_entropy": 2.3906307220458984,
  "closure_metric_max_local_entropy": 2.396512985229492
}