{
  "case": "26_caso_erosion_dialectica",
  "grid_size": 300,
  "n_runs": 200,
  "mean": 3.964148345403373e-05,
  "std": 0.00012298393994569778,
  "gpu_time": 58.141127586364746,
  "closure_metric_global_entropy": 6.787168025970459,
  "closure_metric_max_local_entropy": 6.803821563720703
}