{
  "case": "27_caso_microplasticos",
  "grid_size": 470,
  "n_runs": 200,
  "mean": 4.767788141180063e-06,
  "std": 8.219548180932179e-05,
  "gpu_time": 421.70384526252747,
  "closure_metric_global_entropy": 2.3906595706939697,
  "closure_metric_max_local_entropy": 2.3964860439300537
}