{
  "case": "27_caso_microplasticos",
  "mean": 3.6511002690531313e-05,
  "std": 0.00030739002977497876,
  "gpu_time": 4.300652980804443
}