{
  "case": "27_caso_riesgo_biologico",
  "grid_size": 470,
  "n_runs": 200,
  "mean": -2.6190887183474842e-06,
  "std": 8.167612395482138e-05,
  "gpu_time": 421.70384526252747,
  "closure_metric_global_entropy": 2.390624761581421,
  "closure_metric_max_local_entropy": 2.3964030742645264
}