{
  "case": "27_caso_microplasticos",
  "grid_size": 300,
  "n_runs": 200,
  "mean": 2.9890188670833595e-05,
  "std": 0.00012133327254559845,
  "gpu_time": 58.141127586364746,
  "closure_metric_global_entropy": 6.787259578704834,
  "closure_metric_max_local_entropy": 6.805031776428223
}