{
  "case": "28_caso_acuiferos",
  "grid_size": 120,
  "n_runs": 100,
  "gpu_time_total": 4.416669130325317,
  "final_mean": 12.37162971496582,
  "final_std": 0.0002780459763016552
}