{
  "case": "28_caso_fuga_cerebros",
  "grid_size": 470,
  "n_runs": 200,
  "mean": 2.6648895072867163e-06,
  "std": 7.531161099905148e-05,
  "gpu_time": 421.70384526252747,
  "closure_metric_global_entropy": 2.3906335830688477,
  "closure_metric_max_local_entropy": 2.396432876586914
}