{
  "case": "28_caso_acuiferos",
  "mean": 1.1017501492460724e-05,
  "std": 0.0003399396955501288,
  "gpu_time": 4.300652980804443
}