{
  "case": "28_caso_acuiferos",
  "grid_size": 300,
  "n_runs": 200,
  "mean": 5.159278953215107e-05,
  "std": 0.00012681320367846638,
  "gpu_time": 58.141127586364746,
  "closure_metric_global_entropy": 6.787286281585693,
  "closure_metric_max_local_entropy": 6.802786827087402
}