{
  "case": "29_caso_iot",
  "grid_size": 470,
  "n_runs": 200,
  "mean": -3.662660219561076e-06,
  "std": 8.260463800979778e-05,
  "gpu_time": 421.70384526252747,
  "closure_metric_global_entropy": 2.390615701675415,
  "closure_metric_max_local_entropy": 2.396013021469116
}