{
  "case": "29_caso_starlink",
  "grid_size": 300,
  "n_runs": 200,
  "mean": 4.484588134801015e-05,
  "std": 0.00011818541679531336,
  "gpu_time": 58.141127586364746,
  "closure_metric_global_entropy": 6.787204265594482,
  "closure_metric_max_local_entropy": 6.8036417961120605
}