{
  "case": "29_caso_starlink",
  "mean": 2.931527342298068e-05,
  "std": 0.00030689098639413714,
  "gpu_time": 4.300652980804443
}