{
  "case": "29_caso_starlink",
  "grid_size": 120,
  "n_runs": 100,
  "gpu_time_total": 4.416669130325317,
  "final_mean": 12.371685028076172,
  "final_std": 0.00032371593988500535
}