{
  "case": "30_caso_riesgo_biologico",
  "grid_size": 300,
  "n_runs": 200,
  "mean": 5.179857544135302e-05,
  "std": 0.00012112397962482646,
  "gpu_time": 58.141127586364746,
  "closure_metric_global_entropy": 6.787180423736572,
  "closure_metric_max_local_entropy": 6.803673267364502
}