{
  "case": "30_caso_riesgo_biologico",
  "grid_size": 120,
  "n_runs": 100,
  "gpu_time_total": 4.416669130325317,
  "final_mean": 12.371713638305664,
  "final_std": 0.0003020187432412058
}