{
  "case": "30_caso_riesgo_biologico",
  "mean": 4.7891371650621295e-05,
  "std": 0.00030646167579106987,
  "gpu_time": 4.300652980804443
}