{
  "case": "31_caso_fuga_cerebros",
  "mean": 3.95256320189219e-05,
  "std": 0.0002894177450798452,
  "gpu_time": 4.300652980804443
}