{
  "case": "31_caso_fuga_cerebros",
  "grid_size": 300,
  "n_runs": 200,
  "mean": 3.413429658394307e-05,
  "std": 0.00011953447392443195,
  "gpu_time": 58.141127586364746,
  "closure_metric_global_entropy": 6.787288665771484,
  "closure_metric_max_local_entropy": 6.804427623748779
}