{
  "case": "31_caso_fuga_cerebros",
  "grid_size": 120,
  "n_runs": 100,
  "gpu_time_total": 4.416669130325317,
  "final_mean": 12.371665954589844,
  "final_std": 0.0003084413183387369
}