{
  "case": "32_caso_iot",
  "grid_size": 300,
  "n_runs": 200,
  "mean": 3.9705351809971035e-05,
  "std": 0.00012147449160693213,
  "gpu_time": 58.141127586364746,
  "closure_metric_global_entropy": 6.78733491897583,
  "closure_metric_max_local_entropy": 6.805241584777832
}