{
  "case": "32_caso_iot",
  "grid_size": 120,
  "n_runs": 100,
  "gpu_time_total": 4.416669130325317,
  "final_mean": 12.371650695800781,
  "final_std": 0.0003360075643286109
}