{
  "case": "32_caso_iot",
  "mean": 4.47794227511622e-05,
  "std": 0.000309336552163586,
  "gpu_time": 4.300652980804443
}